"","X","Z","Y","U","long","lat","X1","X2","X3","X4","prop.scores","prop_scores"
"1",1,0,-1.1833339826829,-0.353791528618801,-89.0351,42.5835,-1.14111850769508,0.965832380868845,-1.18632833063379,0.456400836460336,0.0440106408204883,0.0440106408204883
"2",2,0,0.57440884663581,-0.213962009940526,-122.6853,48.8283,-0.288108899740477,-0.350307643804304,-0.810533214373406,0.230483158616399,0.0835991459898651,0.0835991459898651
"3",3,1,3.52672049787135,-1.06947613461615,-81.9111,33.435,-0.132985168861337,-0.472078995542261,-1.65982664366987,-0.333858130845115,0.877374768955633,0.877374768955633
"4",4,1,1.27403519346946,0.248341662404249,-83.1453,42.2081,0.84548535118944,-1.40923104533195,1.36171777563114,-0.379396678880959,0.693563797976822,0.693563797976822
"5",5,0,-1.68259228684603,0.802499225280673,-84.8953,39.8028,0.369850103286846,0.389518718190637,0.71374768680321,-0.866227562991768,0.516341144451872,0.516341144451872
"6",6,1,-0.581436684951956,1.03049694378959,-75.4792,40.6917,-0.260936649257345,-0.868454145348628,0.267915242229299,-0.239829338026409,0.644973039394245,0.644973039394245
"7",7,1,2.74918300138047,1.01921490020184,-96.5464,32.8364,-0.123058151754665,-0.84276131123119,1.99728414901595,0.592068102799706,0.610961027443409,0.610961027443409
"8",8,1,-1.60303391343748,1.15621193146272,-75.165,40.5661,0.169713359729811,-0.30882441858339,-1.19855931960338,-0.138431912487786,0.134342042263597,0.134342042263597
"9",9,1,1.36577012414364,0.0234077570808544,-96.6369,43.6033,0.789256800804347,-1.05796691660012,0.563810162392648,-0.332218579946884,0.598322178702801,0.598322178702801
"10",10,0,2.38684418769145,-1.50195407616367,-87.6539,36.3903,1.96865213504576,0.177014115351365,0.83689515228478,1.07362650384688,0.195510623045266,0.195510623045266
"11",11,1,2.35495408853557,-0.953949186934122,-88.955,37.6206,-0.655033112503761,0.200478589175074,1.3757525369312,-1.04130721323471,0.689816747093573,0.689816747093573
"12",12,0,0.629709717942779,-0.702903319806113,-84.8986,33.4622,0.421352461850474,0.0730035396091149,0.0946832672408562,1.10415381997192,0.180166883859783,0.180166883859783
"13",13,0,-1.66669698493961,1.08592739697236,-111.7294,40.0614,0.562481704412026,-1.69194702255482,0.290202635775838,0.13457073329986,0.422451239544898,0.422451239544898
"14",14,0,4.83805446150086,-1.29023268653231,-85.5783,42.3049,-0.606479489220191,0.932855342808055,-0.643117543046231,-0.0213324849091135,0.489382375730202,0.489382375730202
"15",15,0,5.22908643847641,-1.98041648048659,-90.135,44.635,1.39139341182056,-0.130461318335514,0.576554763660834,-0.0152504307763365,0.539385120151564,0.539385120151564
"16",16,0,1.76827905874982,-0.436328378618746,-92.7786,45.03,-0.372630738771838,-0.217956226969429,-0.357809858071413,1.76319248369636,0.612430726643652,0.612430726643652
"17",17,1,2.37510768045961,1.04888039494378,-76.3519,36.8703,0.328481174591335,-2.15045150800759,1.82184149358125,0.683455880773246,0.448192874435335,0.448192874435335
"18",18,1,1.89933475359656,-0.178547760948702,-122.1326,37.6341,0.899267296278749,-1.60021045226529,0.503691576620723,-0.0183203208483426,0.0130890253931284,0.0130890253931284
"19",19,1,-2.32567152640442,0.758086105125162,-80.3681,40.9378,1.2466838975188,0.549586159949746,-2.03115507235829,0.0952748337394759,0.264498602831736,0.264498602831736
"20",20,1,1.27183218586923,0.0236927358932708,-121.6049,37.7965,1.53657622213191,1.00808248505989,0.790524302160514,1.44749443387843,0.4281772878021,0.4281772878021
"21",21,1,2.91869417438999,-0.854476245142368,-86.2417,43.2542,0.461103406878774,0.575829830168803,-0.227113128594819,-1.48664100316835,0.72497974941507,0.72497974941507
"22",22,0,-0.0671597420807676,0.362443207172199,-94.5913,37.3596,0.314646862690623,1.18500526022439,0.240021863709298,1.4524079236369,0.363716674037278,0.363716674037278
"23",23,0,-1.944486332813,0.761370906472826,-94.6405,39.1486,-2.31010816846516,-1.059542978879,0.388485398004808,-0.688402287204927,0.241761857876554,0.241761857876554
"24",24,0,1.99830606800608,-1.34223824644713,-80.6019,35.7325,1.67469876825725,-0.819174543932001,0.68637635165886,0.139291283097782,0.299520006170496,0.299520006170496
"25",25,0,-0.274049403729887,-0.601431980064631,-88.7297,42.8543,1.08411743759588,-0.0938887560587653,-0.655208836146795,-0.848364113428104,0.524700822075829,0.524700822075829
"26",26,0,-0.977933000746054,0.384699673119123,-82.6964,43.1056,1.05686574308177,-1.76261673617318,0.834784129422866,-0.872258077000334,0.58847868302837,0.58847868302837
"27",27,1,3.07334884673827,-0.652951131546257,-94.9328,29.3775,0.172142379220252,0.417896758170385,0.530373484829071,0.296886527690831,0.571308400249109,0.571308400249109
"28",28,0,4.99808374828855,-0.905425026770817,-86.2925,42.3231,0.108270986559389,-2.05689971810106,1.1765620872768,0.141997751057185,0.648524549556896,0.648524549556896
"29",29,0,1.23501603234805,-0.501631565096537,-79.9208,34.9708,0.200671799797617,-0.112055368493563,1.40941261227389,0.317080359597693,0.85002476722002,0.85002476722002
"30",30,0,1.55170723362863,-0.190489395955455,-111.3,32.5517,-0.81085778318964,-0.405026503180527,-1.66284968059883,0.871903471822222,0.0785257087554783,0.0785257087554783
"31",31,0,-4.78978680936774,0.412008356907628,-100.8839,46.8669,1.27374872370616,1.03268484376711,-0.115115150496064,-0.618477163194227,0.518698850879446,0.518698850879446
"32",32,0,-1.43537277450684,0.0819848617491308,-73.8492,42.2728,1.11001434086661,0.127150136554524,2.00095755812346,-1.45486371530241,0.546171270310879,0.546171270310879
"33",33,0,0.0327204723038054,-0.12309937967616,-89.5888,39.8233,-0.280981001124193,0.619906429520275,-1.64113088037578,-0.0250540751823913,0.840775671880692,0.840775671880692
"34",34,0,2.7755460620329,-0.838495575248331,-86.4006,36.3156,-0.380262550688543,-0.371690500504009,0.399944671444396,1.32396212028098,0.0925231946166605,0.0925231946166605
"35",35,1,-1.45307071726171,0.882729859722423,-80.1253,26.0856,-0.196478101314943,-0.47025633485781,-0.846265476135383,-1.28417382914102,0.646526589524001,0.646526589524001
"36",36,0,-0.224468924136304,-0.0639409148755205,-76.8678,38.6681,1.40448062721728,-1.10267939600732,0.508014291300899,1.14659915974771,0.827636867994443,0.827636867994443
"37",37,0,2.95768264215655,-0.753546890382561,-82.7833,38.5731,-0.335543786612351,1.55198219247593,-0.702292298856906,1.09430352572971,0.121756920125335,0.121756920125335
"38",38,1,-3.50283035468877,1.55237856442115,-74.8781,40.0753,-0.122079670035393,-0.397268283243169,0.674083574296769,-0.47577504079207,0.991131011396646,0.991131011396646
"39",39,1,-2.86788308925592,0.776724655592116,-95.9917,36.1125,-0.845369684617699,0.0492985496265255,-1.25328671435863,-0.562701914678256,0.55152946501039,0.55152946501039
"40",40,0,0.349122335002919,0.764209008016153,-94.9883,31.9381,-0.393345037617706,-0.945437810368301,-0.568769550771129,-0.71590950069195,0.899563638493419,0.899563638493419
"41",41,0,-4.08898903081434,1.45711539010296,-75.2508,39.8139,1.11970875573138,-0.642595200061938,-0.429015458944754,-1.14590838740073,0.288615378551185,0.288615378551185
"42",42,0,0.118458559297722,-0.57607712286357,-82.5431,35.4714,-0.341897674345075,0.105892710105494,0.909531147962236,0.0226801667865409,0.748821699758992,0.748821699758992
"43",43,1,-0.340503494822367,-0.075214725967897,-92.8683,34.2963,0.0762608155127678,0.839942276843874,-1.37126104777363,-0.640190323231789,0.40566079877317,0.40566079877317
"44",44,0,2.57974157358583,-0.902855980300307,-90.2917,38.9158,1.0129384625626,-0.287651864744668,1.34801156248878,1.69252220097728,0.466608194401488,0.466608194401488
"45",45,0,-2.79121717737566,-0.538029097724924,-111.751,33.3333,-1.20478643931236,1.69317915611863,-0.426803518969688,-1.84208363922618,0.255857113748789,0.255857113748789
"46",46,0,-1.50015615727795,0.823366116371383,-94.4778,39.1306,-0.832857293801954,1.250737419643,-0.520241551517808,1.0879626664547,0.139365969225764,0.139365969225764
"47",47,0,-1.77583806931936,0.217693799109075,-73.8125,43.25,1.23099762065948,0.498511380577366,-1.56261692610483,0.867174851760381,0.00834915833547711,0.00834915833547711
"48",48,0,-1.91981239550212,0.512229153673692,-122.4253,40.5083,0.569575796658991,0.631916752962984,1.34901064695042,-0.298240180355425,0.408540561795235,0.408540561795235
"49",49,1,-0.284528788898587,0.221454632368245,-72.5958,42.0956,0.888007656876645,-0.563929699491117,-0.36587172591345,0.969238396290999,0.128346498822793,0.128346498822793
"50",50,1,-1.38941250328188,0.341365785051035,-109.2844,40.0864,2.49371076285425,-0.348980386942581,-0.0459870772542651,-0.270237740674878,0.50760694523342,0.50760694523342
"51",51,1,3.31396558206672,-0.677714685225209,-85.0384,32.5412,0.711517175710277,2.53207937134145,0.952449231566287,1.78432703329716,0.488235200522467,0.488235200522467
"52",52,1,1.64761564605964,-0.263725466122091,-89.4964,39.5906,-0.189154014170306,-0.0530929103511034,-0.886840412240056,0.969258967711171,0.662768446607515,0.662768446607515
"53",53,1,-0.238016052699806,0.431910400544115,-93.6069,42.0247,-0.587743312275961,0.542523714030377,1.55353643539159,-0.525450014256459,0.641797713004053,0.641797713004053
"54",54,0,-1.07220061673799,0.644920677923962,-76.0819,43.0611,-0.0895860429703095,0.413084346165318,0.123809723971689,-0.0127563392113911,0.579218100989237,0.579218100989237
"55",55,1,1.60165689994579,-0.550140594003418,-78.53,36.6009,0.915763022583979,-0.886897396862436,-0.257462766503186,-1.04337313006409,0.385412528412417,0.385412528412417
"56",56,0,-4.79611077355217,1.45794633746814,-70.2403,44.5047,0.555195969698648,0.38227341255148,-0.174245199181365,-2.19254848468718,0.301277732243761,0.301277732243761
"57",57,0,3.42080232855558,-1.59627725250641,-90.4575,29.9861,-0.51185511389132,0.555649758871504,-0.257483311092811,0.317201543834937,0.765169362770393,0.765169362770393
"58",58,0,0.320836876119382,0.312783995237918,-96.9575,31.4641,0.391107328148372,0.107043105860885,0.476519244117239,0.286614828184328,0.631715536583215,0.631715536583215
"59",59,1,2.47438137810635,0.348161431345126,-78.8539,43.0483,-1.58408842546412,0.441169187056153,0.604155153651628,1.08456134932743,0.614919878309593,0.614919878309593
"60",60,0,-1.1219411258475,1.09638468170163,-75.105,40.8011,-0.24253174128666,-1.01458403669232,-1.0303832060881,0.309898765073671,0.850974460830912,0.850974460830912
"61",61,1,1.49366037527981,-0.532373704137603,-79.0731,36.4833,-0.133759056498348,-0.199671815728856,-0.56269202929223,-0.786928614551857,0.241494459565729,0.241494459565729
"62",62,0,1.35972077248087,0.676433158668645,-93.7611,32.5181,0.963869477938082,0.249977884227865,-1.10648435391064,1.4208591231886,0.851657474413514,0.851657474413514
"63",63,0,-1.96066068729222,-0.126145097906412,-95.9692,41.1706,-2.16302792517267,-0.188842299492747,1.47459851625825,-0.346457077016739,0.293259624624625,0.293259624624625
"64",64,0,-1.59299319035079,-0.374027095366029,-85.91,38.0531,0.448725193243325,0.812639363397592,0.636934250079494,-1.04385632052004,0.897001060424373,0.897001060424373
"65",65,0,-2.15648960223418,0.471747377202598,-94.6986,37.0719,-0.296717145190413,1.08963875845417,-0.159948252772761,0.573760586923663,0.669752394547686,0.669752394547686
"66",66,0,-2.88930212158181,1.33051599771546,-97.6733,35.4711,-1.78498387795703,0.318410180105006,0.0179266296042985,-0.89014703173821,0.334379148902372,0.334379148902372
"67",67,0,0.776757489704341,-0.336305385405668,-97.3172,31.0558,-0.3205357323145,-0.0652738136998639,1.66548465210233,0.77449261660573,0.88533082511276,0.88533082511276
"68",68,1,0.918001405933396,-1.02522896738707,-118.2219,33.9983,0.381892582683205,1.8497001985408,-0.560152749880394,1.31163492478874,0.953854823717847,0.953854823717847
"69",69,0,2.25871450675685,-0.766690583938904,-85.9988,42.82,-1.13687118918972,0.751864714737708,0.445889547429658,1.82603532502304,0.428581474116072,0.428581474116072
"70",70,0,-4.14167588367643,1.54673895478891,-98.3244,34.5431,1.08830456771062,0.911538040583133,-0.653483581335834,1.48863515565598,0.537983856163919,0.537983856163919
"71",71,0,0.217678501969667,-0.800492651394774,-111.9122,33.4225,-0.487942694354743,-0.217389920991168,-0.231339396608339,-0.612307150799135,0.377198804868385,0.377198804868385
"72",72,1,-1.57562056922887,1.36916146412383,-75.3575,39.8439,-0.00388018292343139,-0.838183481723345,0.193210038790464,0.51054479687043,0.992472720332444,0.992472720332444
"73",73,0,-1.3562240155834,0.704470805390895,-84.5625,39.4083,-0.73609748483155,0.191780742362201,-1.73670303389392,1.12629143213894,0.0143232874106616,0.0143232874106616
"74",74,0,3.36158702466005,-1.14096186379283,-118.2248,33.7641,-0.845168998776437,-0.169563774666496,-1.41234786832839,-0.599150149454488,0.326398511184379,0.326398511184379
"75",75,0,-1.30487756381352,0.712008842616938,-97.2242,35.6853,-0.0433811547784795,-0.391600467575679,-0.266189948795251,-0.0614197455523784,0.337256410857663,0.337256410857663
"76",76,0,0.284734302251857,0.838616029085972,-87.8233,41.7775,-1.04426012502585,-0.954215889314065,0.57634300334451,1.42652822058978,0.954328894149512,0.954328894149512
"77",77,0,1.40816634174763,-0.530490329540632,-115.0507,36.0875,0.170415922451948,0.280590731703142,0.387663314341117,-0.00760216081094705,0.639745014719665,0.639745014719665
"78",78,0,-0.0692254030469119,0.752276178962456,-84.3775,39.465,0.611681478405955,-1.53436893879392,0.202220119020669,0.188116285627323,0.690640343353152,0.690640343353152
"79",79,0,4.11580645625334,-1.16810523882723,-81.9617,37.1753,-0.140193748737236,-0.730324758526062,1.4016404347796,0.193204797032007,0.865609280066565,0.865609280066565
"80",80,0,-5.30072318375398,1.82031699629933,-74.0244,40.8375,1.7063598962522,-0.289107177606466,1.50237310515485,0.140306342877725,0.160320027265698,0.160320027265698
"81",81,1,2.13179309883249,0.252323289475916,-87.1225,41.6433,0.386017585174254,-0.292341696664099,0.030550634915891,1.19146676663781,0.58598941587843,0.58598941587843
"82",82,0,-3.67206935739514,1.26726182398736,-86.1667,39.7622,-1.49397022868185,-0.232504617751774,-0.608254544340724,-0.289328446876382,0.423754756106064,0.423754756106064
"83",83,0,5.46702015971521,-2.34399101603782,-89.6553,44.8606,-0.755194556491576,-1.1971590147286,-1.0814680362459,0.193418930365388,0.407100505195558,0.407100505195558
"84",84,1,0.132111040655598,1.97215526775831,-74.3958,40.4911,-2.19459413112319,0.674195529392556,2.74346177616626,1.21535013358704,0.569511772366241,0.569511772366241
"85",85,0,-4.5681959028464,1.96172930777155,-71.17,41.6417,0.830990502472002,-0.381927389576217,0.60488254636292,-1.36375968054692,0.268379042856395,0.268379042856395
"86",86,0,2.41209420831351,-0.793703351155638,-82.8411,35.535,-0.093090746611641,-0.90124438300727,1.84520070502166,-0.254993969810906,0.0326269313227385,0.0326269313227385
"87",87,1,0.585780752393453,-0.476864839892046,-117.3647,34.5953,-0.24478221374434,0.588983207996121,-0.698968312100315,-0.141515847923787,0.818465934833512,0.818465934833512
"88",88,0,5.69138485059284,-1.68631637084754,-97.01,28.7883,-1.65812307344885,0.486610218158456,-0.81788289280954,2.81392366232495,0.152976603247225,0.152976603247225
"89",89,0,2.41889827807674,-1.24992102984874,-82.3381,36.9161,-0.707517187171975,1.3162958886409,1.70446333344899,1.25052578476533,0.129770822590217,0.129770822590217
"90",90,0,1.38292682417724,0.253271035507796,-88.3501,39.7983,1.08991852088253,0.348813385118963,1.57013682665924,1.04566819536624,0.930956359719858,0.930956359719858
"91",91,0,-4.73688229503031,1.5279331603181,-71.0583,42.35,0.234556973188288,0.690832054513377,-0.184449076156741,-0.0636991012555683,0.263319967314601,0.263319967314601
"92",92,0,-1.86473903126023,1.54128351942102,-73.9689,41.2044,-0.976727982308349,-1.08426883283461,-0.44131867900482,1.40536964207847,0.804136199876666,0.804136199876666
"93",93,0,-0.400600279675671,-0.429925721348998,-119.3117,45.7931,-1.22448330948647,1.16438101590272,-1.21116369956025,-0.714657699115712,0.357059432426468,0.357059432426468
"94",94,0,5.38767850584515,-2.10375018588106,-97.4283,27.8139,0.546485651164496,-0.427897924785517,0.991441799377348,1.61357426880404,0.248172523453832,0.248172523453832
"95",95,0,2.14432419515865,-0.145180078838196,-107.5912,40.4627,-0.873994161330058,-0.0284637676632919,-0.16277193155843,1.01159324744966,0.125954587711021,0.125954587711021
"96",96,0,-6.38092395462052,1.9829982480773,-71.1914,41.7125,-0.0292131435225772,1.31109762800066,-0.495469163332243,-0.125167961919192,0.275039240717888,0.275039240717888
"97",97,1,1.45921434805298,-0.00451354204894336,-93.8958,45.3792,-0.556447545398078,0.474028822403137,0.23789993519935,0.275791046901876,0.873357209842652,0.873357209842652
"98",98,1,-1.82692820739222,0.408052025829508,-97.1067,33.1978,0.33313449065802,0.637425480792321,1.06599150748643,-1.18367502539202,0.113469518488273,0.113469518488273
"99",99,1,1.05695936240356,-0.83740392943833,-111.7889,32.9042,-1.15511008369447,2.28742993265477,0.732194566097702,-0.420564976156647,0.409006008179858,0.409006008179858
"100",100,1,5.14158634974291,-1.66222788092458,-119.525,39.5625,0.840609543440712,-0.865931119003362,0.203636227811032,-0.0932789432191276,0.938781816978008,0.938781816978008
"101",101,1,2.75359158274203,-0.636547216881779,-97.6128,30.3036,1.11407234456493,-0.516077152647529,-0.3293856736387,0.223665439158635,0.0482587057631463,0.0482587057631463
"102",102,1,-1.65531034713007,1.26657387533852,-75.5072,39.7436,0.585076505157092,-0.157166001050777,0.93514807904053,0.727489795965914,0.193834572564811,0.193834572564811
"103",103,0,-2.32826110219412,0.160314321573321,-81.8811,40.1842,1.86241145086029,0.0895893163853657,0.00305118123251714,-0.664288486895747,0.232138514751568,0.232138514751568
"104",104,0,0.268163622563118,-0.383902397101572,-81.6786,38.3688,0.266153551618423,-0.213516939323369,-1.02206519673622,-0.331915260878041,0.0755327655933797,0.0755327655933797
"105",105,0,2.22497840544653,-1.37210482735925,-78.3656,41.067,-2.46771238735828,-1.39578633305487,0.338074576376252,-1.25767802592787,0.936146898427978,0.936146898427978
"106",106,0,3.37083345700518,-1.83922381043635,-88.6161,37.0339,0.29837045239462,-0.143237590332542,-0.0252458388676029,0.133389255583042,0.32395729306154,0.32395729306154
"107",107,0,-0.261057181154048,-1.0538161896415,-90.2169,32.3781,0.614497790605847,0.722718879052512,1.48953310061434,-0.382995817294766,0.622789055574685,0.622789055574685
"108",108,0,-0.43013185026608,0.761496161221514,-107.78,32.2983,-0.170567514158724,-0.348121159671785,-0.189113285724875,-1.26993081753546,0.329773182747886,0.329773182747886
"109",109,0,-0.599838624602192,0.476668065604451,-73.4557,44.7132,0.870821779317659,-0.580234456179001,0.128612468545386,0.159503856423556,0.169986725086346,0.169986725086346
"110",110,0,-4.40370843932481,1.91836789257873,-71.5186,41.8017,0.700267617472689,0.274938689385334,-1.08758420449414,0.204533571739267,0.840451482916251,0.840451482916251
"111",111,0,-2.80285333749877,1.01778786242977,-77.9864,34.2824,0.202335401567139,0.31573696519048,1.57995201726393,-1.04679268213867,0.323020590702072,0.323020590702072
"112",112,0,-1.24237377001077,0.919070485219048,-94.6415,32.3766,-3.09866452837446,1.35391919610689,1.02454375591785,0.638391850025149,0.793527977075428,0.793527977075428
"113",113,1,0.813213300019421,-0.100044461425664,-93.5542,45.2958,-0.0648849754196804,-0.819798265800039,-1.24599665130186,-0.417945824238476,0.396923387190327,0.396923387190327
"114",114,1,3.98092823127029,-0.627147543167198,-89.9399,35.6519,-1.69073344430572,-2.03038004825843,0.127322712919458,0.888845962037898,0.23661878448911,0.23661878448911
"115",115,0,-1.19497879310663,-0.157888523436239,-92.2166,34.5923,0.451214559359452,-0.605988432533203,-0.533893684079633,-0.253889364554592,0.304539560340345,0.304539560340345
"116",116,0,1.34126220425824,-0.492041902616166,-120.1,36.6183,-0.841695071707281,-0.990973177374557,-0.606894638280047,-0.353183522498522,0.0289075199980289,0.0289075199980289
"117",117,0,0.9405136227844,-0.0151562564593985,-121.7592,38.0167,-0.52166363024482,-0.232978142936435,0.973352757840069,0.392123863245483,0.86196185159497,0.86196185159497
"118",118,1,-0.90540799973745,1.09938838617642,-72.0152,42.1127,0.845734284174294,0.432331988872689,-0.76029000752914,1.39048004140386,0.170495625818148,0.170495625818148
"119",119,1,2.77414768178936,0.418813153053084,-78.7453,43.1622,0.7050164157158,0.146915873194356,1.20842905286959,0.276277351736988,0.107047251192853,0.107047251192853
"120",120,0,0.548512148675841,1.2445121145001,-72.8358,41.4486,-1.52204882481246,-2.33188783585438,-2.37609340153167,1.24994815957181,0.587225653929636,0.587225653929636
"121",121,0,0.298200812810065,-0.130717525953559,-117.111,33.359,0.435064583789573,1.41725250040333,1.32683603675953,0.896926286376739,0.518026952631772,0.518026952631772
"122",122,1,0.170232218950619,-0.750751529611204,-119.585,35.2097,0.432416933628405,1.03005478047108,0.539136333580623,1.08120001065166,0.867604451486841,0.867604451486841
"123",123,0,4.91053585101961,-1.59565953801345,-90.1458,29.9472,-0.0132113056658891,-1.22203370817292,2.22927839752784,-1.79530101114384,0.856619218364358,0.856619218364358
"124",124,1,0.524135186612258,-0.94205085129339,-79.8297,36.3297,0.792547026785751,0.205569963278553,-1.84855832632102,0.0247830865548675,0.353121149353683,0.353121149353683
"125",125,0,5.34063034726216,-1.14304489100061,-87.2931,38.6716,-1.79034337671713,-1.11955021868673,-0.123611820262677,1.89364865900667,0.830952154705301,0.830952154705301
"126",126,1,-3.74786372651639,1.08153020018622,-97.5896,35.2979,1.96716570572158,1.1781007104664,-0.964249385216504,-0.136939755587584,0.460835543693975,0.460835543693975
"127",127,1,-0.321230171919046,0.497271465087333,-87.4778,41.6739,-0.0367471541018269,-0.11586770354474,-2.30645032020434,-1.50911032402829,0.781141974497586,0.781141974497586
"128",128,0,-2.3790791667571,0.246626684878597,-83.5318,42.167,2.22856013245129,-0.275694767623485,-0.658555262041208,-0.736022077571759,0.0207156904507428,0.0207156904507428
"129",129,0,0.952252316963567,0.274184299983059,-87.1728,41.6317,-1.57536410331916,-0.677023957174734,0.671776162013834,1.26719766857589,0.209957224782556,0.209957224782556
"130",130,1,2.8349006839909,-1.68116241234572,-86.2906,44.217,0.333809274825518,1.8922857299696,0.471159043566957,0.264278054725094,0.939606439555064,0.939606439555064
"131",131,0,-1.78375674822071,0.857567046510252,-88.3987,40.4705,-1.35309750711904,-1.9457780808653,0.563516278032456,-0.304922986298137,0.406269220868126,0.406269220868126
"132",132,1,-4.88141180301624,1.91235459628345,-74.1023,40.6543,-0.221649518192383,3.51485792826361,0.768826564922606,0.267439990252774,0.233154711080715,0.233154711080715
"133",133,0,-3.87563122717753,1.44902835795055,-98.23,35.0847,1.98500663407143,0.181911458878165,1.36498030912939,-1.43599296696062,0.703281428664923,0.703281428664923
"134",134,1,-1.15101234583794,0.388332290763902,-77.1242,35.2081,0.47046336568705,0.335042808048613,0.389910320196302,-1.24461368713886,0.85242451610975,0.85242451610975
"135",135,0,-1.88223031401705,0.740622226345898,-95.6967,36.0119,-0.372885600795382,1.08785997897493,0.597062393799588,-0.810794574882854,0.239574652398005,0.239574652398005
"136",136,1,-0.0137943848915154,0.173378956817428,-96.3622,42.3022,-2.14145755990379,-0.186058598640391,0.114244581587418,-0.441435887270385,0.182432364206761,0.182432364206761
"137",137,0,-1.08196918664557,0.961766341599077,-84.8511,38.9031,-0.590928862111981,0.544627344921555,1.02146080956086,0.99075038199976,0.456133900443092,0.456133900443092
"138",138,1,2.99679379676693,-0.886901096740366,-77.4644,39.2086,0.0291280649040465,-0.0355543440355131,1.72855611895922,0.226641987519068,0.713490156689659,0.713490156689659
"139",139,1,0.0307447571240881,0.250562226379742,-108.4386,36.8006,0.56394056978389,1.14413882762333,-0.534816965908375,-0.47855083822575,0.86029568198137,0.86029568198137
"140",140,1,0.891157296803152,0.397924645191619,-85.4117,38.5847,0.975398684022928,-0.0934761088339234,-0.94061524255337,-0.22259609161032,0.335709239123389,0.335709239123389
"141",141,1,-1.81083355780396,1.26188470161859,-73.0416,41.5444,-1.39515018751232,1.41490832495242,-0.30729866134857,1.42665522559289,0.79504912882112,0.79504912882112
"142",142,0,0.491730240116757,0.160871833862289,-85.9708,34.0128,-0.55148011042001,0.593789822693304,-0.179339003550001,1.84429248380658,0.522109693149105,0.522109693149105
"143",143,0,1.32580435743053,-0.630206093925533,-93.2917,30.2861,-0.332628658620974,-0.916923737580878,0.715180560205905,-1.08259080124419,0.519517881795764,0.519517881795764
"144",144,0,-2.90592100856744,0.871765583966372,-75.5461,39.1467,-0.130056499041055,0.535924227584176,-1.18315486847728,-1.07731814630313,0.384030129760504,0.384030129760504
"145",145,0,-5.18526805328572,1.4859250629955,-75.0686,40.0067,0.467433926538207,0.304411814665085,-0.493874502642367,-1.71124027290614,0.274891435401514,0.274891435401514
"146",146,0,2.33117642590495,-1.39230599164094,-90.7222,29.5808,-0.455261040907654,0.664614543108889,0.357605010212122,-0.807773379493857,0.597682388033718,0.597682388033718
"147",147,1,4.60776537917345,-0.944990572034645,-118.1474,34.1256,-1.90799736373411,-0.150043771413297,0.574858872334951,-0.0944161636267609,0.439591146074235,0.439591146074235
"148",148,1,0.570665311946865,0.539585887995833,-111.7547,40.3311,0.268016201503449,0.157319463228659,0.0675948459303247,0.830602336100942,0.318193117389455,0.318193117389455
"149",149,0,3.08012824105325,-0.796779387003698,-95.071,29.702,2.97300329137596,-0.372262480592407,0.250568926448524,-0.164314780629095,0.546689801616594,0.546689801616594
"150",150,0,1.1593644247929,-0.80936753284668,-117.9425,34.0078,-1.21580381596741,0.218206012808067,-0.478576829016894,-0.656575640709075,0.828910896321759,0.828910896321759
"151",151,0,-1.70184395570403,1.02289685941081,-103.2608,44.1212,-2.03751484576049,-1.01529901606336,0.181022806516524,-0.223832205125193,0.271431329427287,0.271431329427287
"152",152,0,-1.63899551586553,-0.558265499358437,-120.8956,37.4878,-1.37021757680998,1.0815057192092,1.83852934337353,-1.49137491601626,0.364721483783796,0.364721483783796
"153",153,0,0.0955635115085283,-0.889634459832815,-121.7775,36.8042,1.38512319406984,0.352757607899125,0.611413822382595,-1.37353928088746,0.332502446137369,0.332502446137369
"154",154,0,-2.16175496604471,1.36863229836905,-122.3644,47.0864,-0.862608165677285,-1.0940877596268,-1.66730559100571,1.15726943061697,0.914043213473633,0.914043213473633
"155",155,1,2.52284740840195,-0.423543209273127,-117.4528,33.9636,-1.23535762503635,2.21967573645095,1.07157570698934,-0.758320026092888,0.546837281202897,0.546837281202897
"156",156,0,1.15551091668098,-0.292019401744983,-91.2333,43.5592,0.3718966466807,0.915044986913876,0.00808488115440466,-0.288605166478873,0.0935428312513977,0.0935428312513977
"157",157,0,0.331510532224589,0.565285803820945,-105.202,40.0195,0.325665143791807,0.874194747778761,-0.287625332304044,-0.0126914258396832,0.038392172427848,0.038392172427848
"158",158,0,-2.81501838145862,1.41954154142053,-88.3292,41.4092,-0.0315904352931023,-0.286562317953529,0.644971103165163,1.03852182847715,0.0775358132086694,0.0775358132086694
"159",159,1,-0.178393315812973,-0.303085941636753,-83.6285,43.1568,0.938269200584796,0.623819170287219,-0.316506315057116,-0.69824533688223,0.212190474616364,0.212190474616364
"160",160,0,1.76789632787415,-1.19026664180025,-95.6311,29.4828,1.78841356122434,0.178287931618682,-1.24221583281706,-0.322923076381181,0.575783010805026,0.575783010805026
"161",161,1,-0.573725263479129,0.579536250089941,-94.4824,38.6803,1.00595526321922,-0.836997965695749,-2.25121783475529,-0.0227190803904618,0.567839764291421,0.567839764291421
"162",162,0,-1.7272658676007,0.423134499307251,-79.2417,42.0917,1.72251345782201,1.42499176788757,-0.317477486919238,0.663754791742873,0.931566025596112,0.931566025596112
"163",163,1,2.35648744467483,-0.656801718005813,-117.1664,32.8769,-1.78967995067582,0.435242098334139,-0.0662660562147177,1.30056831553185,0.802398813422769,0.802398813422769
"164",164,0,1.98061780455425,0.0998151093576104,-76.6861,38.5444,-1.09965554135755,-1.46228687040292,0.373109409999291,0.217667439027241,0.715848938561976,0.715848938561976
"165",165,1,-2.08408120533818,0.641936073993578,-97.2186,32.7278,0.21794464964738,1.65985277619529,0.963376712375393,-0.762418949888732,0.576265596086159,0.576265596086159
"166",166,0,-0.0160652077282518,0.138682072289523,-112.031,40.6663,-1.76232674413674,0.699796211711845,0.714318245154616,0.336666291130733,0.705545491073281,0.705545491073281
"167",167,1,2.14960197965239,-0.0531762064710544,-121.4906,37.7107,0.254349587061505,0.201994132573551,0.799947399010524,0.883155042390848,0.789868633961305,0.789868633961305
"168",168,0,3.46492475493882,-1.42748125830623,-80.0603,36.2811,-0.71120719818832,-1.02395963808739,-1.19786603040971,-0.871967767500579,0.62470137141645,0.62470137141645
"169",169,0,3.10010912008739,-1.86775374748448,-91.2295,39.3531,-0.193601722754728,0.877212714045234,-1.80950805048962,0.342735891600691,0.617823017993942,0.617823017993942
"170",170,1,-0.367896457641345,0.506609649659086,-82.4945,42.7748,2.70243946617063,1.73904276684527,0.636605093328071,1.16338589466919,0.903499635402113,0.903499635402113
"171",171,0,-0.0626246819013609,0.334131192476343,-105.0206,40.8611,1.27872833332577,-0.261090175378149,1.59257190288102,-1.07583921589293,0.934743501478806,0.934743501478806
"172",172,0,-0.797335296841567,0.213484759225234,-94.8773,39.7246,-1.00752806363713,0.311665758739737,-0.423104462650829,-0.239344672833684,0.791756395483389,0.791756395483389
"173",173,1,3.95933082147648,-0.100348764173481,-77.368,37.4978,0.683976079325817,-1.41967025276482,0.816047689630224,0.293654456563363,0.419256228255108,0.419256228255108
"174",174,0,4.40502979920544,-1.98833096370523,-80.658,34.2337,-1.08460228691613,1.86847045691192,0.474938940756487,0.4002078814097,0.771226860815659,0.771226860815659
"175",175,0,-0.307569989874201,-0.386016379584896,-115.1235,36.2317,1.75532403173671,-0.151784290171446,0.320855957590969,-0.00782483375101887,0.672029855661094,0.672029855661094
"176",176,0,-5.84771562423042,2.17316786754743,-73.0644,40.8153,0.699361026386431,0.185431270559042,-0.772119469072155,0.257855459305024,0.362701385980472,0.362701385980472
"177",177,0,0.276717051645703,-0.696949778843487,-119.7399,36.6894,-0.286774310629375,0.658748757108596,0.59175083395015,-0.985403257193311,0.698846139479429,0.698846139479429
"178",178,0,3.57998698892618,-1.10409312932622,-112.1583,33.4417,-0.142179694974085,-1.34196014806842,1.76976276733538,1.28421950075613,0.988234345801175,0.988234345801175
"179",179,0,2.59541902071892,-0.946332422984183,-95.1769,29.7233,-1.20397454979358,-0.0949064916682573,1.23534235890005,-0.373967290791904,0.542293815407902,0.542293815407902
"180",180,0,3.38025836524163,-0.438584694268536,-110.3033,34.9394,-0.782299430398675,-0.679012455072833,0.788911968915486,0.887243823527032,0.428161547286436,0.428161547286436
"181",181,0,4.92123589760626,-1.14575764698532,-118.3903,34.2481,-1.07996226675,-0.323851902843084,1.92692449295377,-0.0685438632949826,0.353192732902244,0.353192732902244
"182",182,0,-0.904086747608326,1.16103771346034,-86.1975,39.7119,-0.206354697326042,-0.379706061107006,-0.409224705887102,1.07377042883336,0.309820324648172,0.309820324648172
"183",183,0,2.11034657636502,-0.247698769078819,-73.6728,42.8158,0.940675162233956,-0.124628657992798,-0.152469210036529,0.566392066733109,0.549296356737614,0.549296356737614
"184",184,0,2.38334621544093,-1.33169761919096,-89.2017,34.8358,-0.0514881744389029,-0.212498117590458,1.33957889950153,0.972137934415139,0.43858523410745,0.43858523410745
"185",185,0,0.794348154987061,-1.16444679379041,-95.6244,29.4731,0.751762427367679,-0.202226390879831,1.28758079487608,-1.19881084080939,0.111599726136774,0.111599726136774
"186",186,0,0.932421785711813,-0.648286609117285,-92.0433,30.2554,-1.31494827142859,0.0538692690495384,0.0155064038598397,-1.11142325778888,0.439240634674206,0.439240634674206
"187",187,0,5.16036552653374,-1.44275978584853,-114.6865,33.6157,0.0788605705428446,-0.789372508191924,0.614323618291255,0.708728691164838,0.944370127515867,0.944370127515867
"188",188,0,-1.16301897197275,-0.224167503559157,-121.894,38.0392,0.779628458482915,-0.171443629072688,-0.727242201505076,-0.692993726128089,0.612371273338795,0.612371273338795
"189",189,1,3.95630298170059,-1.63015364692527,-85.2019,44.6889,0.473533057588417,0.827770013548603,-0.136964638508857,-1.14898643248248,0.0603722578380257,0.0603722578380257
"190",190,1,-1.00448116756892,0.1482413357003,-122.435,48.4553,-1.1949195774989,2.35674619866022,-1.35040963068474,-0.536916637837596,0.458695339504629,0.458695339504629
"191",191,0,-2.87322636844051,1.31485121642194,-71.3133,42.6308,-0.316511334177786,1.03296187416408,0.37838287244687,0.220128923151626,0.786284216679633,0.786284216679633
"192",192,0,-2.14491984428972,1.09319202877832,-75.4867,39.6928,1.101957761612,-0.61360179864238,-0.584677404914372,0.600264463225027,0.0956355186644942,0.0956355186644942
"193",193,1,-0.950366972738321,1.15197750343795,-80.42,40.6344,0.548551968710225,-0.250375444786706,1.22673432278252,0.443428910923647,0.102295425953344,0.102295425953344
"194",194,0,5.88073497864669,-3.02676286709507,-90.9017,46.5869,-0.0239197028229863,-0.0753475466389404,-2.81936433330107,0.358842973258465,0.488041969714686,0.488041969714686
"195",195,1,1.00754835620069,-0.546802645487354,-117.5256,34.0911,0.855318581184831,1.17503418613786,0.179094310623836,1.04802289108142,0.52483685943298,0.52483685943298
"196",196,0,-1.14102605724148,1.18354063262652,-76.1606,39.7183,1.03575564505517,-1.62798723508755,-1.714939944734,0.616421365123158,0.484063696116209,0.484063696116209
"197",197,1,-0.855548332958503,1.00494770036164,-94.1861,39.1778,-0.22060217714758,0.205211517675036,-0.863796889221417,-0.294152862154105,0.439034333918244,0.439034333918244
"198",198,0,-1.06110179234743,0.798117279136884,-95.9567,35.9978,0.683269051677046,0.988326753667982,1.3232915575195,0.150188397258546,0.0889507464598864,0.0889507464598864
"199",199,0,-1.3291384882797,0.527084798701602,-85.3057,40.6206,1.53948353179504,-0.806934632887392,2.05403224676833,-1.67689261459974,0.181676702806726,0.181676702806726
"200",200,0,1.05829630647805,-0.796982584572463,-78.6767,41.4908,0.0650031334568679,0.686212083736866,-0.65501435775594,0.422508171854021,0.175497414078563,0.175497414078563
